taken_at,views_14d,unique_views_14d,clones_14d,unique_clones_14d
"2026-09-27T09:17Z",62,36,180,91
"2026-09-28T09:50Z",62,36,180,91
"2026-09-28T13:03Z",62,36,180,91
"2026-09-29T08:21Z",62,36,180,91
"2026-09-29T09:52Z",62,36,180,91
"2026-09-30T09:44Z",123,67,337,152
"2026-10-01T06:09Z",123,67,337,152
"2026-10-01T10:11Z",131,72,330,154
"2026-10-02T09:48Z",128,72,392,181
"2026-10-03T09:11Z",136,75,377,178
"2026-10-04T09:50Z",142,78,366,172
"2026-10-05T06:04Z",142,78,366,172
"2026-10-05T10:30Z",146,82,365,173
"2026-10-06T10:21Z",146,81,419,189
"2026-10-07T10:18Z",146,81,419,189
"2026-10-08T05:16Z",146,81,411,186
"2026-10-08T10:37Z",146,81,411,186
